PersonID,FirstName,LastName,StreetAddress,City,State,ZipCode
1001,John,Doe,123 Main St,Anytown,CA,90001
1002,Jane,Smith,456 First Ave,Smallville,TX,75001
1003,Michael,Johnson,789 Elm St,BigCity,NY,10001
1004,Susan,Williams,321 Oak Ave,MountainView,CA,94040
1005,David,Brown,654 Pine St,Lakeside,WA,98001
1006,Amanda,Wilson,987 Cedar Ln,Riverside,FL,32003
1007,Robert,Martinez,741 Birch St,Sunnydale,CA,95001
1008,Emily,Anderson,852 Maple Ave,HarborCity,OR,97001
1009,Christopher,Lee,963 Redwood Dr,Hilltop,CO,80001
1010,Samantha,Garcia,159 Willow Ln,Seaview,WA,98002
1011,Joshua,Rodriguez,753 Fir St,Greenwood,MS,39030
1012,Michelle,Lopez,369 Cypress Ave,Oakville,IL,62060
1013,Daniel,Gonzalez,852 Palm Dr,DesertCity,AZ,85001
1014,Ashley,Hernandez,741 Spruce Ave,RedwoodValley,CA,96001
1015,Matthew,Walker,963 Juniper Ln,Springfield,OH,43001
1016,Brittany,Young,852 Hickory St,Fairview,TN,37062
1017,Justin,King,951 Sycamore Ave,Maplewood,MN,55075
1018,Stephanie,Scott,753 Beech St,Hillcrest,GA,30001
1019,Andrew,Green,357 Birch Ln,ValleyView,TX,76001
1020,Lauren,Baker,159 Poplar Dr,HarborCity,CA,91001
1021,Brandon,Adams,357 Oak St,Lakewood,WA,98003
1022,Kayla,Nelson,258 Pine Ave,MountainView,CA,94041
1023,Nicholas,Carter,963 Willow St,Seaville,NJ,08001
1024,Christina,Mitchell,357 Elm Ln,AppleValley,MN,55076
1025,Jacob,Perez,852 Maple Ave,Brookside,AL,35001
1026,Megan,Roberts,741 Holly Dr,MountainView,CA,94042
1027,Tyler,Gutierrez,456 Cedar Ave,RedwoodValley,CA,96002
1028,Victoria,Collins,357 Juniper St,Hillcrest,GA,30002
1029,Aaron,Gomez,258 Hickory Dr,Fairview,TN,37063
1030,Katherine,Russell,951 Sycamore Ave,Greenville,SC,29601
1031,Peter,Bennett,852 Birch Ln,ValleyView,TX,76002
1032,Courtney,Griffin,357 Oak St,Lakewood,WA,98004
1033,Ryan,Diaz,159 Pine Ave,MountainView,CA,94043
1034,Heather,Hayes,753 Willow St,Seaville,NJ,08002
1035,Joseph,Parker,741 Elm Ln,AppleValley,MN,55077
1036,Danielle,Morris,852 Maple Ave,Brookside,AL,35002
1037,Brian,Hughes,357 Holly Dr,MountainView,CA,94044
1038,Rebecca,Washington,456 Cedar Ave,RedwoodValley,CA,96003
1039,Eric,Price,258 Juniper St,Hillcrest,GA,30003
1040,Amy,Barnes,951 Hickory Dr,Fairview,TN,37064
1041,Nathan,Taylor,852 Sycamore Ave,Greenville,SC,29602
1042,Ashley,Thomas,357 Birch Ln,ValleyView,TX,76003
1043,Matthew,Moore,159 Oak St,Lakewood,WA,98005
1044,Kimberly,Lee,741 Pine Ave,MountainView,CA,94045
1045,Joshua,Baker,963 Willow St,Seaville,NJ,08003
1046,Sarah,Ross,357 Elm Ln,AppleValley,MN,55078
1047,Jonathan,Cruz,852 Maple Ave,Brookside,AL,35003
1048,Melissa,Ward,741 Holly Dr,MountainView,CA,94046
1049,Steven,Morales,456 Cedar Ave,RedwoodValley,CA,96004
1050,Laura,Reed,258 Juniper St,Hillcrest,GA,30004